eu_indicator,rides,switch_rate,mean_relative_error
0,882,0.564625850340136,0.5673956336461424
1,2527,0.4214483577364464,0.23244490577965984
