dest_change_number_bucket,rides,switch_rate,mean_relative_error
2+,121,0.6033057851239669,0.5555649973451561
1,3288,0.45316301703163014,0.3104038507002233
