gps_bucket,rides,switch_rate,mean_relative_error
<0.4,372,0.6989247311827957,0.953009113264838
>=0.8,3037,0.42904181758314125,0.2414592807529069
