fraud_bucket,rides,switch_rate,mean_relative_error
missing,1439,0.4683808200138985,0.42398072997700015
low,1936,0.4555785123966942,0.24402724797748582
very_high,34,0.20588235294117646,0.15547656646418254
